QALY,TotalCost
12.712844292227102,24588.14550000006
12.694273809191545,25155.863700000067
