QALY,TotalCost
12.599806773475398,26305.82066666682
12.572393776225416,26932.396766666705
