QALY,TotalCost
32.71426568032536,102220.37137200027
