QALY,TotalCost
13.179056469608286,17871.964433333575
13.161874565920066,18224.158733333592
