QALY,TotalCost
13.54404302586385,12262.190200000248
13.518843864802966,12421.352600000284
