QALY,TotalCost
32.45160172276984,105673.45542233373
