QALY,TotalCost
32.72415624246716,102230.316041667
