QALY,TotalCost
12.460941013985416,25740.873155666068
12.41363681664614,26610.867838666127
