QALY,TotalCost
12.463975403820767,25702.211985999424
12.413635560831182,26613.212165666042
