QALY,TotalCost
12.43072519544376,26326.68988666609
