QALY,TotalCost
32.680041626548274,102393.03238466721
