QALY,TotalCost
12.68260900110983,25761.059041666627
