QALY,TotalCost
12.680450942711392,25771.17697099996
