QALY,TotalCost
12.677402582520214,25815.651561666647
